R0,infectious time,sampling probability,superspreading transmission ratio,superspreading fraction,tips,time,hidden_trees
3.43374639265239,6.689875603886319,0.357455411280971,28.7671816563234,0.238938982225955,691,23.101494420582725,0
